Company Account,Merchant Account,Psp Reference,Merchant Reference,Payment Method,Creation Date,TimeZone,Type,Modification Reference,Gross Currency,Gross Debit (GC),Gross Credit (GC),Exchange Rate,Net Currency,Net Debit (NC),Net Credit (NC),Commission (NC),Markup (NC),Scheme Fees (NC),Interchange (NC),Payment Method Variant,Modification Merchant Reference,Batch Number,Reserved4,Reserved5,Reserved6,Reserved7,Reserved8,Reserved9,Reserved10,Merchant Order Reference,Store
CrewClothing,CrewClothingEURO,GZ68FH2M4QNTF232,621A0118877,visa,2023-09-08 09:39:14,BST,Settled,CHQBDNGTXH7NT6G2,EUR,,27.00,1,EUR,,26.92,,0.04,0.01,0.03,visasuperpremiumdebit,<auto>,310,,,,,,,,,621
CrewClothing,CrewClothingEURO,ZC95KJB649PDPK52,621A0118878,visa,2023-09-08 10:14:40,BST,Settled,Z5FMTZT3JWDMM6G2,EUR,,120.60,1,EUR,,120.26,,0.19,0.03,0.12,visastandarddebit,<auto>,310,,,,,,,,,621
CrewClothing,CrewClothingEURO,FZ9TCZH4D7J83VB2,621A0118879,mc,2023-09-08 10:18:32,BST,Settled,TRRDKCHTXH7NT6G2,EUR,,35.10,1,EUR,,34.91,,0.06,0.02,0.11,mcstandardcredit,<auto>,310,,,,,,,,,621
CrewClothing,CrewClothingEURO,QBWBCSB649PDPK52,621A0118880,visa,2023-09-08 10:30:30,BST,Settled,B422L9V3JWDMM6G2,EUR,,21.60,1,EUR,,21.54,,0.03,0.01,0.02,visastandarddebit,<auto>,310,,,,,,,,,621
CrewClothing,CrewClothingEURO,WT45ZNJZCPSBFF32,621A0118881,visa,2023-09-08 10:34:25,BST,Settled,SFSGBMHTXH7NT6G2,EUR,,37.80,1,EUR,,37.68,,0.06,0.02,0.04,visastandarddebit,<auto>,310,,,,,,,,,621
CrewClothing,CrewClothingEURO,HFF4LP3M4QNTF232,621A0118882,visa,2023-09-08 10:49:17,BST,Settled,WFHPQLV3JWDMM6G2,EUR,,106.10,1,EUR,,105.79,,0.17,0.03,0.11,visastandarddebit,<auto>,310,,,,,,,,,621
CrewClothing,CrewClothingEURO,XHG8Q96VSRB99VB2,621A0118883,visa,2023-09-08 11:17:06,BST,Settled,CGPR5DJTXH7NT6G2,EUR,,45.50,1,EUR,,45.36,,0.07,0.02,0.05,visastandarddebit,<auto>,310,,,,,,,,,621
CrewClothing,CrewClothingEURO,S8FVRS3TN3MGX632,621A0118884,visa,2023-09-08 12:01:07,BST,Settled,W8PDSTW3JWDMM6G2,EUR,,52.20,1,EUR,,52.05,,0.08,0.02,0.05,visastandarddebit,<auto>,310,,,,,,,,,621
CrewClothing,CrewClothingEURO,M7CC55Z7W42B7F32,621A0118885,visa,2023-09-08 12:12:35,BST,Settled,JLM28CKTXH7NT6G2,EUR,,27.00,1,EUR,,26.92,,0.04,0.01,0.03,visastandarddebit,<auto>,310,,,,,,,,,621
CrewClothing,CrewClothingEURO,BQGZTWF9SSQ29C32,621A0118886,visa,2023-09-08 12:31:10,BST,Settled,M3GZ9NKTXH7NT6G2,EUR,,133.69,1,EUR,,133.04,,0.21,0.04,0.40,visapremiumcredit,<auto>,310,,,,,,,,,621
CrewClothing,CrewClothingEURO,N6575GVFP27PXPB2,621A0118887,visa,2023-09-08 12:57:01,BST,Settled,F9Q2W4LTXH7NT6G2,EUR,,94.50,1,EUR,,94.04,,0.15,0.03,0.28,visastandardcredit,<auto>,310,,,,,,,,,621
CrewClothing,CrewClothingEURO,PCCXKT4TN3MGX632,621A0118888,visa,2023-09-08 13:00:12,BST,Settled,XFNJG6LTXH7NT6G2,EUR,,56.00,1,EUR,,55.83,,0.09,0.02,0.06,visastandarddebit,<auto>,310,,,,,,,,,621
CrewClothing,CrewClothingEURO,CZGRWW4TN3MGX632,621A0118889,visa,2023-09-08 13:04:49,BST,Settled,PZHPVXX3JWDMM6G2,EUR,,19.80,1,EUR,,19.74,,0.03,0.01,0.02,visastandarddebit,<auto>,310,,,,,,,,,621
CrewClothing,CrewClothingEURO,PD8KSJ65G3VMPPG2,621A0118890,visa,2023-09-08 13:07:12,BST,Settled,KLTH32Z3JWDMM6G2,EUR,,61.20,1,EUR,,61.02,,0.10,0.02,0.06,visastandarddebit,<auto>,310,,,,,,,,,621
CrewClothing,CrewClothingEURO,SS4RFKMZCPSBFF32,621A0118891,visa,2023-09-08 13:19:51,BST,Settled,RFDD88Z3JWDMM6G2,EUR,,72.50,1,EUR,,72.29,,0.12,0.02,0.07,visastandarddebit,<auto>,310,,,,,,,,,621
CrewClothing,CrewClothingEURO,S2LL5TXJHXMSC2C2,621A0118892,visa,2023-09-08 13:25:49,BST,Settled,LCFW5CZ3JWDMM6G2,EUR,,59.40,1,EUR,,59.22,,0.10,0.02,0.06,visastandarddebit,<auto>,310,,,,,,,,,621
CrewClothing,CrewClothingEURO,JP96Q5LBXJGTK2C2,621A0118893,visa,2023-09-08 13:27:23,BST,Settled,W839QMLTXH7NT6G2,EUR,,70.00,1,EUR,,69.80,,0.11,0.02,0.07,visastandarddebit,<auto>,310,,,,,,,,,621
CrewClothing,CrewClothingEURO,ND24XS9N8GDNQPB2,621A0118894,visa,2023-09-08 13:35:14,BST,Settled,MQNJKRLTXH7NT6G2,EUR,,62.00,1,EUR,,61.69,,0.10,0.02,0.19,visastandardcredit,<auto>,310,,,,,,,,,621
CrewClothing,CrewClothingEURO,LGGRNVH87KLH4FG2,621A0118895,visa,2023-09-08 13:36:56,BST,Settled,LTSJDSLTXH7NT6G2,EUR,,37.79,1,EUR,,37.67,,0.06,0.02,0.04,visastandarddebit,<auto>,310,,,,,,,,,621
CrewClothing,CrewClothingEURO,Z3LTXZ9Q72HSGHG2,621A0118896,visa,2023-09-08 13:39:42,BST,Settled,G3ZKQTLTXH7NT6G2,EUR,,78.40,1,EUR,,78.17,,0.13,0.02,0.08,visastandarddebit,<auto>,310,,,,,,,,,621
CrewClothing,CrewClothingEURO,MV647HBK8XNQ4932,2023-09-08 13:46:57,visa,2023-09-08 13:47:55,BST,Settled,DM6XWPZ3JWDMM6G2,EUR,,20.30,1,EUR,,20.24,,0.03,0.01,0.02,visastandarddebit,<auto>,310,,,,,,,,,621
CrewClothing,CrewClothingEURO,DFD5X8VHC8XZ2C32,621A0118899,visa,2023-09-08 14:03:25,BST,Refunded,SF5PB9MTXH7NT6G2,EUR,56.00,,1,EUR,56.00,,,,,,visastandarddebit,621A0118899,310,,,,,,,,,621
CrewClothing,CrewClothingEURO,DRH7ZPSSW3LJ7XB2,621A0118900,visa,2023-09-08 14:04:43,BST,Settled,HG9B5224JWDMM6G2,EUR,,12.60,1,EUR,,12.56,,0.02,0.01,0.01,visasuperpremiumdebit,<auto>,310,,,,,,,,,621
CrewClothing,CrewClothingEURO,VD8ZZXM4D7J83VB2,621A0118901,visa,2023-09-08 14:07:30,BST,Settled,GBPKH324JWDMM6G2,EUR,,19.80,1,EUR,,19.74,,0.03,0.01,0.02,visastandarddebit,<auto>,310,,,,,,,,,621
CrewClothing,CrewClothingEURO,MDC86638W42B7F32,621A0118902,visa,2023-09-08 14:09:28,BST,Settled,TWZ59DMTXH7NT6G2,EUR,,56.70,1,EUR,,56.53,,0.09,0.02,0.06,visastandarddebit,<auto>,310,,,,,,,,,621
CrewClothing,CrewClothingEURO,NXRFCLVHC8XZ2C32,621A0118903,visa,2023-09-08 14:22:37,BST,Settled,B534PLMTXH7NT6G2,EUR,,106.20,1,EUR,,105.89,,0.17,0.03,0.11,visastandarddebit,<auto>,310,,,,,,,,,621
CrewClothing,CrewClothingEURO,ZPWN2D6TN3MGX632,621A0118904,visa,2023-09-08 14:26:49,BST,Settled,QXX8QNMTXH7NT6G2,EUR,,27.00,1,EUR,,26.92,,0.04,0.01,0.03,visastandarddebit,<auto>,310,,,,,,,,,621
CrewClothing,CrewClothingEURO,WZHHSFN4D7J83VB2,2023-09-08 14:32:26,mc,2023-09-08 14:33:38,BST,Settled,GMMM3SMTXH7NT6G2,EUR,,23.40,1,EUR,,23.33,,0.04,0.01,0.02,mcstandarddebit,<auto>,310,,,,,,,,,621
CrewClothing,CrewClothingEURO,L5PSP4PN3SS3CH52,621A0118906,visa,2023-09-08 14:41:18,BST,Settled,VZ37SWMTXH7NT6G2,EUR,,45.50,1,EUR,,45.36,,0.07,0.02,0.05,visastandarddebit,<auto>,310,,,,,,,,,621
CrewClothing,CrewClothingEURO,HPG8MRSL72TXZP52,621A0118907,visa,2023-09-08 14:42:29,BST,Settled,R8SFKN24JWDMM6G2,EUR,,56.00,1,EUR,,55.83,,0.09,0.02,0.06,visastandarddebit,<auto>,310,,,,,,,,,621
CrewClothing,CrewClothingEURO,MCWNTHTVVMNNWPG2,621A0118908,visa,2023-09-08 14:43:55,BST,Settled,MDD29P24JWDMM6G2,EUR,,45.50,1,EUR,,45.36,,0.07,0.02,0.05,visastandarddebit,<auto>,310,,,,,,,,,621
CrewClothing,CrewClothingEURO,W9JZPDH649PDPK52,621A0118905,visa,2023-09-08 14:53:36,BST,Settled,ZWSCZT24JWDMM6G2,EUR,,12.60,1,EUR,,12.56,,0.02,0.01,0.01,visastandarddebit,<auto>,310,,,,,,,,,621
CrewClothing,CrewClothingEURO,XFF9XNH649PDPK52,621A0118910,visa,2023-09-08 15:10:32,BST,Settled,QGGR8634JWDMM6G2,EUR,,70.20,1,EUR,,70.00,,0.11,0.02,0.07,visastandarddebit,<auto>,310,,,,,,,,,621
CrewClothing,CrewClothingEURO,FNTKHSH649PDPK52,2023-09-08 15:16:23,mc,2023-09-08 15:17:44,BST,Settled,LSSBLKNTXH7NT6G2,EUR,,72.90,1,EUR,,72.57,,0.12,0.06,0.15,mcstandarddebit,<auto>,310,,,,,,,,,621
CrewClothing,CrewClothingEURO,C3JRNP793TP4J4C2,2023-09-08 15:24:15,visa,2023-09-08 15:25:23,BST,Settled,JNVTBPNTXH7NT6G2,EUR,,78.00,1,EUR,,77.55,,0.12,0.10,0.23,visastandardcredit,<auto>,310,,,,,,,,,621
CrewClothing,CrewClothingEURO,LGFDLFHLDNDKFXB2,2023-09-08 15:25:21,visa,2023-09-08 15:26:15,BST,Settled,S4LRWF34JWDMM6G2,EUR,,38.50,1,EUR,,38.38,,0.06,0.02,0.04,visastandarddebit,<auto>,310,,,,,,,,,621
CrewClothing,CrewClothingEURO,RR5BT7VSW3LJ7XB2,621A0118911,visa,2023-09-08 15:30:34,BST,Settled,G3BPTRNTXH7NT6G2,EUR,,126.00,1,EUR,,125.64,,0.20,0.03,0.13,visastandarddebit,<auto>,310,,,,,,,,,621
CrewClothing,CrewClothingEURO,B35M2THLDNDKFXB2,621A0118912,visa,2023-09-08 15:49:57,BST,Settled,VH6GHT34JWDMM6G2,EUR,,19.80,1,EUR,,19.74,,0.03,0.01,0.02,visasuperpremiumdebit,<auto>,310,,,,,,,,,621
CrewClothing,CrewClothingEURO,PS3CDVD8X2PH2C52,621A0118913,visa,2023-09-08 15:59:08,BST,Settled,XZF4S9PTXH7NT6G2,EUR,,20.70,1,EUR,,20.64,,0.03,0.01,0.02,visastandarddebit,<auto>,310,,,,,,,,,621
CrewClothing,CrewClothingEURO,LNDVSDDN8GDNQPB2,621A0118914,mc,2023-09-08 16:02:31,BST,Settled,B45FM344JWDMM6G2,EUR,,70.80,1,EUR,,70.45,,0.11,0.03,0.21,mcstandardcredit,<auto>,310,,,,,,,,,621
CrewClothing,CrewClothingEURO,Q99W399M4QNTF232,621A0118915,visa,2023-09-08 16:07:46,BST,Settled,FXWW6644JWDMM6G2,EUR,,17.10,1,EUR,,17.04,,0.03,0.01,0.02,visasuperpremiumdebit,<auto>,310,,,,,,,,,621
CrewClothing,CrewClothingEURO,PCQBQ5WDKBHVM232,2023-09-08 16:41:19,visa,2023-09-08 16:42:39,BST,Settled,C9HV7R44JWDMM6G2,EUR,,43.10,1,EUR,,42.97,,0.07,0.02,0.04,visasuperpremiumdebit,<auto>,310,,,,,,,,,621
CrewClothing,CrewClothingEURO,QGZFK9RZCPSBFF32,2023-09-08 16:51:06,mc,2023-09-08 16:52:26,BST,Settled,JGVKZW44JWDMM6G2,EUR,,58.50,1,EUR,,58.26,,0.09,0.03,0.12,mcstandarddebit,<auto>,310,,,,,,,,,621
CrewClothing,CrewClothingEURO,HDZBK8L649PDPK52,621A0118916,visa,2023-09-08 17:37:06,BST,Settled,CMSWLZQTXH7NT6G2,EUR,,28.80,1,EUR,,28.65,,0.05,0.01,0.09,visastandardcredit,<auto>,310,,,,,,,,,621
CrewClothing,CrewClothingEURO,LGT9VGXSW3LJ7XB2,621A0118917,visa,2023-09-08 17:39:46,BST,Settled,DNQ74R54JWDMM6G2,EUR,,14.40,1,EUR,,14.36,,0.02,0.01,0.01,visastandarddebit,<auto>,310,,,,,,,,,621
CrewClothing,CrewClothingEURO,TM368N3GP27PXPB2,621A0118918,visa,2023-09-08 17:56:12,BST,Settled,ZHN25364JWDMM6G2,EUR,,101.70,1,EUR,,101.41,,0.16,0.03,0.10,visastandarddebit,<auto>,310,,,,,,,,,621
CrewClothing,CrewClothingEURO,ZLDG5Q3GP27PXPB2,2023-09-08 17:59:07,visa,2023-09-08 18:00:12,BST,Settled,D55MVDRTXH7NT6G2,EUR,,39.60,1,EUR,,39.48,,0.06,0.02,0.04,visastandarddebit,<auto>,310,,,,,,,,,621
CrewClothing,CrewClothingEURO,VQMT7NTXQFNR8HG2,2023-09-08 18:21:03,visa,2023-09-08 18:22:26,BST,Settled,KBQJWH64JWDMM6G2,EUR,,70.00,1,EUR,,69.80,,0.11,0.02,0.07,visastandarddebit,<auto>,310,,,,,,,,,621
CrewClothing,CrewClothingEURO,FTXGD4SVM5RNTM52,2023-09-08 18:36:38,visa,2023-09-08 18:38:09,BST,Settled,W2J2F3STXH7NT6G2,EUR,,62.10,1,EUR,,61.92,,0.10,0.02,0.06,visastandarddebit,<auto>,310,,,,,,,,,621
CrewClothing,CrewClothingEURO,MQ4FHQH8X2PH2C52,2023-09-08 18:42:18,visa,2023-09-08 18:43:17,BST,Settled,QC4H4V64JWDMM6G2,EUR,,27.00,1,EUR,,26.87,,0.04,0.01,0.08,visastandardcredit,<auto>,310,,,,,,,,,621
CrewClothing,CrewClothingEURO,KM5T8MZDKBHVM232,621A0118919,visa,2023-09-08 19:05:10,BST,Settled,HDTGLJSTXH7NT6G2,EUR,,208.80,1,EUR,,208.21,,0.33,0.05,0.21,visastandarddebit,<auto>,310,,,,,,,,,621
CrewClothing,CrewClothingEURO,N39Q3GQ38HSFQ632,621A0118921,visa,2023-09-08 19:33:58,BST,Settled,BGWSM2TTXH7NT6G2,EUR,,36.90,1,EUR,,36.79,,0.06,0.01,0.04,visastandarddebit,<auto>,310,,,,,,,,,621
CrewClothing,CrewClothingEURO,P7ZRSPCCXJGTK2C2,2023-09-09 10:04:02,mc,2023-09-09 10:05:06,BST,Settled,JBRVS7DVXH7NT6G2,EUR,,37.80,1,EUR,,37.61,,0.06,0.02,0.11,mcstandardcredit,<auto>,310,,,,,,,,,621
CrewClothing,CrewClothingEURO,S777QDF2DPSBFF32,2023-09-09 10:10:28,visa,2023-09-09 10:11:33,BST,Settled,J45C63R4JWDMM6G2,EUR,,14.40,1,EUR,,14.36,,0.02,0.01,0.01,visastandarddebit,<auto>,310,,,,,,,,,621
CrewClothing,CrewClothingEURO,GGLPZNX5G3VMPPG2,2023-09-09 10:16:39,mc,2023-09-09 10:18:04,BST,Settled,M2NB6GDVXH7NT6G2,EUR,,50.00,1,EUR,,49.27,,0.08,0.02,0.63,mccommercialdebit,<auto>,310,,,,,,,,,621
CrewClothing,CrewClothingEURO,SCRK7ZKWVMNNWPG2,2023-09-09 10:17:21,visa,2023-09-09 10:18:31,BST,Settled,BVF8DGDVXH7NT6G2,EUR,,157.00,1,EUR,,156.55,,0.25,0.04,0.16,visastandarddebit,<auto>,310,,,,,,,,,621
CrewClothing,CrewClothingEURO,NKG9VGMJC8XZ2C32,2023-09-09 10:18:45,visa,2023-09-09 10:20:02,BST,Settled,B2875HDVXH7NT6G2,EUR,,45.50,1,EUR,,45.36,,0.07,0.02,0.05,visastandarddebit,<auto>,310,,,,,,,,,621
CrewClothing,CrewClothingEURO,S8TT753HJDM4KH52,2023-09-09 10:30:00,visa,2023-09-09 10:31:00,BST,Settled,MFW5NDR4JWDMM6G2,EUR,,43.40,1,EUR,,43.27,,0.07,0.02,0.04,visastandarddebit,<auto>,310,,,,,,,,,621
CrewClothing,CrewClothingEURO,BQSJ9PS8W42B7F32,621A0118922,mc,2023-09-09 10:45:18,BST,Settled,TVMHGWDVXH7NT6G2,EUR,,98.00,1,EUR,,96.57,,0.16,0.04,1.23,mccommercialdebit,<auto>,310,,,,,,,,,621
CrewClothing,CrewClothingEURO,NL7CNWS8W42B7F32,621A0118924,mc,2023-09-09 10:58:11,BST,Settled,TSLKQ5FVXH7NT6G2,EUR,,66.80,1,EUR,,66.59,,0.11,0.03,0.07,mcstandarddebit,<auto>,310,,,,,,,,,621
CrewClothing,CrewClothingEURO,PVTLL7X93TP4J4C2,621A0118925,visa,2023-09-09 11:01:14,BST,Settled,XXMBFWR4JWDMM6G2,EUR,,45.50,1,EUR,,45.36,,0.07,0.02,0.05,visastandarddebit,<auto>,310,,,,,,,,,621
CrewClothing,CrewClothingEURO,JSTBVKK3JFJ5Q4C2,2023-09-09 11:05:16,visa,2023-09-09 11:06:20,BST,Settled,NSZWP9FVXH7NT6G2,EUR,,27.00,1,EUR,,26.92,,0.04,0.01,0.03,visastandarddebit,<auto>,310,,,,,,,,,621
CrewClothing,CrewClothingEURO,LD9ZZQ3HJDM4KH52,2023-09-09 11:06:26,visa,2023-09-09 11:07:37,BST,Settled,VC6HCBFVXH7NT6G2,EUR,,20.70,1,EUR,,20.64,,0.03,0.01,0.02,visasuperpremiumdebit,<auto>,310,,,,,,,,,621
CrewClothing,CrewClothingEURO,L78BVMRKHXMSC2C2,2023-09-09 11:13:12,mc,2023-09-09 11:14:41,BST,Settled,DZ4WX5S4JWDMM6G2,EUR,,133.70,1,EUR,,133.04,,0.21,0.05,0.40,mcstandardcredit,<auto>,310,,,,,,,,,621
CrewClothing,CrewClothingEURO,KXCXHVB48HSFQ632,2023-09-09 11:16:09,visa,2023-09-09 11:17:23,BST,Settled,DVCX4HFVXH7NT6G2,EUR,,62.40,1,EUR,,62.22,,0.10,0.02,0.06,visastandarddebit,<auto>,310,,,,,,,,,621
CrewClothing,CrewClothingEURO,PVRK3QRKHXMSC2C2,2023-09-09 11:17:57,visa,2023-09-09 11:19:07,BST,Settled,K3SMXHFVXH7NT6G2,EUR,,28.80,1,EUR,,28.71,,0.05,0.01,0.03,visastandarddebit,<auto>,310,,,,,,,,,621
CrewClothing,CrewClothingEURO,LMCN2FHZQFNR8HG2,2023-09-09 11:19:20,visa,2023-09-09 11:20:22,BST,Settled,QD3SQ8S4JWDMM6G2,EUR,,42.00,1,EUR,,41.87,,0.07,0.02,0.04,visastandarddebit,<auto>,310,,,,,,,,,621
CrewClothing,CrewClothingEURO,H6G2824HJDM4KH52,2023-09-09 11:21:07,visa,2023-09-09 11:22:19,BST,Settled,QZ8DJKFVXH7NT6G2,EUR,,110.60,1,EUR,,110.28,,0.18,0.03,0.11,visastandarddebit,<auto>,310,,,,,,,,,621
CrewClothing,CrewClothingEURO,JM2K4FS57KXMMM52,2023-09-09 11:25:59,mc,2023-09-09 11:26:57,BST,Settled,T36RXCS4JWDMM6G2,EUR,,31.50,1,EUR,,31.34,,0.05,0.02,0.09,mcstandardcredit,<auto>,310,,,,,,,,,621
CrewClothing,CrewClothingEURO,T5S4C65L8XNQ4932,2023-09-09 11:28:06,mc,2023-09-09 11:29:30,BST,Settled,NSWJ2PFVXH7NT6G2,EUR,,62.00,1,EUR,,61.32,,0.10,0.39,0.19,mcsuperpremiumcredit,<auto>,310,,,,,,,,,621
CrewClothing,CrewClothingEURO,CT4NFTX93TP4J4C2,2023-09-09 11:36:37,mc,2023-09-09 11:38:37,BST,Settled,LHL7NKS4JWDMM6G2,EUR,,132.00,1,EUR,,131.28,,0.21,0.11,0.40,mcstandardcredit,<auto>,310,,,,,,,,,621
CrewClothing,CrewClothingEURO,KZ4C25HP3SS3CH52,621A0118927,mc,2023-09-09 11:44:05,BST,Refunded,TVFWBNS4JWDMM6G2,EUR,65.40,,1,EUR,65.40,,,,,,mcstandardcredit,621A0118927,310,,,,,,,,,621
CrewClothing,CrewClothingEURO,DCJGG4MFKBHVM232,2023-09-09 11:46:05,visa,2023-09-09 11:47:07,BST,Settled,NGWCSPS4JWDMM6G2,EUR,,38.70,1,EUR,,38.58,,0.06,0.02,0.04,visastandarddebit,<auto>,310,,,,,,,,,621
CrewClothing,CrewClothingEURO,X424395R72HSGHG2,621A0118928,visa,2023-09-09 11:53:27,BST,Settled,CTLTP4GVXH7NT6G2,EUR,,20.70,1,EUR,,20.64,,0.03,0.01,0.02,visastandarddebit,<auto>,310,,,,,,,,,621
CrewClothing,CrewClothingEURO,G9BW4BHP3SS3CH52,2023-09-09 11:53:24,mc,2023-09-09 11:54:41,BST,Settled,CDLRHTS4JWDMM6G2,EUR,,40.00,1,EUR,,39.80,,0.06,0.02,0.12,mcstandardcredit,<auto>,310,,,,,,,,,621
CrewClothing,CrewClothingEURO,XNW9JB5P8GDNQPB2,2023-09-09 12:01:18,visa,2023-09-09 12:02:25,BST,Settled,HRC649GVXH7NT6G2,EUR,,128.70,1,EUR,,128.33,,0.21,0.03,0.13,visastandarddebit,<auto>,310,,,,,,,,,621
CrewClothing,CrewClothingEURO,FZ2D96JZQFNR8HG2,621A0118929,visa,2023-09-09 12:04:01,BST,Settled,MCV8V9GVXH7NT6G2,EUR,,45.50,1,EUR,,45.36,,0.07,0.02,0.05,visasuperpremiumdebit,<auto>,310,,,,,,,,,621
CrewClothing,CrewClothingEURO,KQGPPKSKHXMSC2C2,621A0118930,visa,2023-09-09 12:07:35,BST,Settled,N8L3S3T4JWDMM6G2,EUR,,58.50,1,EUR,,58.33,,0.09,0.02,0.06,visastandarddebit,<auto>,310,,,,,,,,,621
CrewClothing,CrewClothingEURO,HXJQ7469X2PH2C52,621A0118931,visa,2023-09-09 12:15:56,BST,Settled,H2W6V7T4JWDMM6G2,EUR,,157.05,1,EUR,,156.29,,0.25,0.04,0.47,visapremiumcredit,<auto>,310,,,,,,,,,621
CrewClothing,CrewClothingEURO,MJ5BSRSKHXMSC2C2,621A0118932,visa,2023-09-09 12:19:56,BST,Settled,Q6KRMKGVXH7NT6G2,EUR,,49.50,1,EUR,,49.35,,0.08,0.02,0.05,visastandarddebit,<auto>,310,,,,,,,,,621
CrewClothing,CrewClothingEURO,Q2XZD2RGP27PXPB2,621A0118933,visa,2023-09-09 12:27:11,BST,Settled,XJRWCFT4JWDMM6G2,EUR,,102.60,1,EUR,,102.31,,0.16,0.03,0.10,visastandarddebit,<auto>,310,,,,,,,,,621
CrewClothing,CrewClothingEURO,W8MD966R72HSGHG2,621A0118934,mc,2023-09-09 12:45:07,BST,Settled,JSMPWZGVXH7NT6G2,EUR,,100.80,1,EUR,,100.50,,0.16,0.04,0.10,mcsuperpremiumdebit,<auto>,310,,,,,,,,,621
CrewClothing,CrewClothingEURO,DJQ8FDCBSSQ29C32,621A0118935,mc,2023-09-09 12:51:09,BST,Settled,VSKG3TT4JWDMM6G2,EUR,,157.50,1,EUR,,156.72,,0.25,0.06,0.47,mcstandardcredit,<auto>,310,,,,,,,,,621
CrewClothing,CrewClothingEURO,KTVS7HCBSSQ29C32,621A0118936,visa,2023-09-09 12:57:13,BST,Settled,BLL3T7HVXH7NT6G2,EUR,,72.90,1,EUR,,72.69,,0.12,0.02,0.07,visastandarddebit,<auto>,310,,,,,,,,,621
CrewClothing,CrewClothingEURO,RFGB6DPFMNVCHK52,2023-09-09 13:06:54,visa,2023-09-09 13:07:56,BST,Settled,H4QS85V4JWDMM6G2,EUR,,172.35,1,EUR,,171.86,,0.28,0.04,0.17,visastandarddebit,<auto>,310,,,,,,,,,621
CrewClothing,CrewClothingEURO,CC564KNFKBHVM232,2023-09-09 13:09:17,visa,2023-09-09 13:10:23,BST,Settled,K7Z3G6V4JWDMM6G2,EUR,,48.60,1,EUR,,48.34,,0.08,0.03,0.15,visastandardcredit,<auto>,310,,,,,,,,,621
CrewClothing,CrewClothingEURO,PTWK4QD97KLH4FG2,2023-09-09 13:20:28,visa,2023-09-09 13:21:50,BST,Settled,DTCK2DV4JWDMM6G2,EUR,,23.40,1,EUR,,23.33,,0.04,0.01,0.02,visastandarddebit,<auto>,310,,,,,,,,,621
CrewClothing,CrewClothingEURO,X64G64F48HSFQ632,2023-09-09 13:22:41,visa,2023-09-09 13:23:38,BST,Settled,SZJBQNHVXH7NT6G2,EUR,,45.50,1,EUR,,45.36,,0.07,0.02,0.05,visastandarddebit,<auto>,310,,,,,,,,,621
CrewClothing,CrewClothingEURO,MV7WRXB749PDPK52,621A0118937,mc,2023-09-09 13:26:42,BST,Settled,DHW9FGV4JWDMM6G2,EUR,,50.00,1,EUR,,49.27,,0.08,0.02,0.63,mccommercialdebit,<auto>,310,,,,,,,,,621
CrewClothing,CrewClothingEURO,VP5MSLS2FMHJ8C52,621A0118937,visa,2023-09-09 13:27:20,BST,Settled,DR6XPGV4JWDMM6G2,EUR,,17.50,1,EUR,,17.44,,0.03,0.01,0.02,visastandarddebit,<auto>,310,,,,,,,,,621
CrewClothing,CrewClothingEURO,FRR82ZPFMNVCHK52,2023-09-09 13:41:03,visa,2023-09-09 13:42:32,BST,Settled,TRLN5QV4JWDMM6G2,EUR,,152.10,1,EUR,,151.67,,0.24,0.04,0.15,visastandarddebit,<auto>,310,,,,,,,,,621
CrewClothing,CrewClothingEURO,H5RZWTW8W42B7F32,2023-09-09 13:45:41,visa,2023-09-09 13:46:45,BST,Settled,FWZ724JVXH7NT6G2,EUR,,108.90,1,EUR,,108.59,,0.17,0.03,0.11,visasuperpremiumdebit,<auto>,310,,,,,,,,,621
CrewClothing,CrewClothingEURO,K7J3LNPWVMNNWPG2,2023-09-09 13:49:18,visa,2023-09-09 13:50:19,BST,Settled,L8DQQ5JVXH7NT6G2,EUR,,24.30,1,EUR,,24.23,,0.04,0.01,0.02,visastandarddebit,<auto>,310,,,,,,,,,621
CrewClothing,CrewClothingEURO,PL72VHN3JFJ5Q4C2,2023-09-09 13:53:14,visa,2023-09-09 13:54:22,BST,Settled,D7SDWWV4JWDMM6G2,EUR,,45.50,1,EUR,,45.02,,0.07,0.32,0.09,visasuperpremiumdebit,<auto>,310,,,,,,,,,621
CrewClothing,CrewClothingEURO,RHH5MGLSRCVPV832,621A0118938,visa,2023-09-09 13:57:10,BST,Settled,S65N9ZV4JWDMM6G2,EUR,,23.40,1,EUR,,23.33,,0.04,0.01,0.02,visastandarddebit,<auto>,310,,,,,,,,,621
CrewClothing,CrewClothingEURO,QLGSS2K5D7J83VB2,621A0118939,visa,2023-09-09 14:05:20,BST,Settled,RKT295W4JWDMM6G2,EUR,,51.30,1,EUR,,51.15,,0.08,0.02,0.05,visastandarddebit,<auto>,310,,,,,,,,,621
CrewClothing,CrewClothingEURO,JN975VF48HSFQ632,621A0118940,mc,2023-09-09 14:08:43,BST,Settled,VMSFQGJVXH7NT6G2,EUR,,35.10,1,EUR,,34.67,,0.06,0.26,0.11,mcstandardcredit,<auto>,310,,,,,,,,,621
CrewClothing,CrewClothingEURO,HLG97589X2PH2C52,621A0118941,mc,2023-09-09 14:12:48,BST,Settled,SGPZPJJVXH7NT6G2,EUR,,168.00,1,EUR,,167.17,,0.27,0.06,0.50,mcstandardcredit,<auto>,310,,,,,,,,,621
CrewClothing,CrewClothingEURO,WDCP4H89X2PH2C52,621A0118943,visa,2023-09-09 14:32:59,BST,Settled,H76TKVJVXH7NT6G2,EUR,,91.00,1,EUR,,90.74,,0.15,0.02,0.09,visastandarddebit,<auto>,310,,,,,,,,,621
CrewClothing,CrewClothingEURO,V6QTB8P3JFJ5Q4C2,621A0118944,visa,2023-09-09 14:36:17,BST,Settled,W8VZCNW4JWDMM6G2,EUR,,102.24,1,EUR,,101.95,,0.16,0.03,0.10,visastandarddebit,<auto>,310,,,,,,,,,621
CrewClothing,CrewClothingEURO,GNMNB38P8GDNQPB2,621A0118945,visa,2023-09-09 14:39:48,BST,Settled,S9S7WZJVXH7NT6G2,EUR,,72.00,1,EUR,,71.79,,0.12,0.02,0.07,visastandarddebit,<auto>,310,,,,,,,,,621
CrewClothing,CrewClothingEURO,R5T27M89X2PH2C52,621A0118946,visa,2023-09-09 14:41:17,BST,Settled,VMFHM2KVXH7NT6G2,EUR,,19.80,1,EUR,,19.70,,0.03,0.01,0.06,visastandardcredit,<auto>,310,,,,,,,,,621
CrewClothing,CrewClothingEURO,GSB43BWKHXMSC2C2,621A0118947,mc,2023-09-09 14:43:52,BST,Settled,Z5ZT3SW4JWDMM6G2,EUR,,64.80,1,EUR,,64.45,,0.10,0.06,0.19,mcstandardcredit,<auto>,310,,,,,,,,,621
CrewClothing,CrewClothingEURO,H4PBWJQTW3LJ7XB2,2023-09-09 14:44:57,visa,2023-09-09 14:45:59,BST,Settled,NXZPW4KVXH7NT6G2,EUR,,8.00,1,EUR,,7.97,,0.01,0.01,0.01,visastandarddebit,<auto>,310,,,,,,,,,621
CrewClothing,CrewClothingEURO,CWDSQZX8W42B7F32,621A0118948,visa,2023-09-09 14:52:01,BST,Settled,G4Q83XW4JWDMM6G2,EUR,,46.80,1,EUR,,46.66,,0.07,0.02,0.05,visastandarddebit,<auto>,310,,,,,,,,,621
CrewClothing,CrewClothingEURO,X7FQGCQFKBHVM232,621A0118949,visa,2023-09-09 14:53:46,BST,Settled,G3B6WXW4JWDMM6G2,EUR,,38.50,1,EUR,,38.38,,0.06,0.02,0.04,visastandarddebit,<auto>,310,,,,,,,,,621
CrewClothing,CrewClothingEURO,K6SV2VG48HSFQ632,621A0118950,visa,2023-09-09 15:05:51,BST,Settled,KPM3S6X4JWDMM6G2,EUR,,45.50,1,EUR,,45.32,,0.07,0.02,0.09,visacommercialdebit,<auto>,310,,,,,,,,,621
CrewClothing,CrewClothingEURO,ZS74NLQFKBHVM232,621A0118951,visa,2023-09-09 15:08:16,BST,Settled,QBS8SHKVXH7NT6G2,EUR,,24.30,1,EUR,,24.23,,0.04,0.01,0.02,visastandarddebit,<auto>,310,,,,,,,,,621
CrewClothing,CrewClothingEURO,QXVRX59L8XNQ4932,621A0118952,visa,2023-09-09 15:18:08,BST,Settled,SM86SDX4JWDMM6G2,EUR,,38.50,1,EUR,,38.38,,0.06,0.02,0.04,visastandarddebit,<auto>,310,,,,,,,,,621
CrewClothing,CrewClothingEURO,Z4PNP68HJDM4KH52,621A0118953,visa,2023-09-09 15:20:53,BST,Refunded,ZLGQ5GX4JWDMM6G2,EUR,38.50,,1,EUR,38.50,,,,,,visastandarddebit,621A0118953,310,,,,,,,,,621
CrewClothing,CrewClothingEURO,VB75MZQFKBHVM232,621A0118954,visa,2023-09-09 15:31:33,BST,Refunded,FR2G6WKVXH7NT6G2,EUR,23.40,,1,EUR,23.40,,,,,,visastandarddebit,621A0118954,310,,,,,,,,,621
CrewClothing,CrewClothingEURO,XLBFDBF749PDPK52,621A0118955,visa,2023-09-09 15:40:36,BST,Settled,MR47RRX4JWDMM6G2,EUR,,117.00,1,EUR,,116.54,,0.19,0.04,0.23,visastandarddebit,<auto>,310,,,,,,,,,621
CrewClothing,CrewClothingEURO,MF2854SFMNVCHK52,621A0118956,visa,2023-09-09 15:43:41,BST,Settled,Q47C9TX4JWDMM6G2,EUR,,44.20,1,EUR,,43.93,,0.07,0.07,0.13,visastandardcredit,<auto>,310,,,,,,,,,621
CrewClothing,CrewClothingEURO,FV6PC7LWM5RNTM52,621A0118957,visa,2023-09-09 15:46:17,BST,Settled,RDVRC6LVXH7NT6G2,EUR,,56.00,1,EUR,,55.83,,0.09,0.02,0.06,visastandarddebit,<auto>,310,,,,,,,,,621
CrewClothing,CrewClothingEURO,P2RRWDM2DPSBFF32,621A0118958,visa,2023-09-09 15:56:07,BST,Settled,LSL8C3Z4JWDMM6G2,EUR,,170.30,1,EUR,,169.47,,0.27,0.05,0.51,visastandardcredit,<auto>,310,,,,,,,,,621
CrewClothing,CrewClothingEURO,NDLR6KMP3SS3CH52,2023-09-09 15:57:00,visa,2023-09-09 15:58:27,BST,Settled,QKD3BDLVXH7NT6G2,EUR,,53.30,1,EUR,,53.02,,0.09,0.08,0.11,visastandarddebit,<auto>,310,,,,,,,,,621
CrewClothing,CrewClothingEURO,VW8HZ8RM72TXZP52,621A0118959,visa,2023-09-09 16:01:25,BST,Settled,CKRLQFLVXH7NT6G2,EUR,,54.00,1,EUR,,53.84,,0.09,0.02,0.05,visastandarddebit,<auto>,310,,,,,,,,,621
CrewClothing,CrewClothingEURO,TG5TJGTJC8XZ2C32,2023-09-09 16:02:25,visa,2023-09-09 16:03:29,BST,Settled,QZMWW6Z4JWDMM6G2,EUR,,149.00,1,EUR,,148.27,,0.24,0.04,0.45,visastandardcredit,<auto>,310,,,,,,,,,621
CrewClothing,CrewClothingEURO,MVWMJLRFKBHVM232,2023-09-09 16:04:14,mc,2023-09-09 16:05:32,BST,Settled,Q5ZTQHLVXH7NT6G2,EUR,,46.80,1,EUR,,46.60,,0.07,0.04,0.09,mcstandarddebit,<auto>,310,,,,,,,,,621
CrewClothing,CrewClothingEURO,FXTV8PW2FMHJ8C52,621A0118961,visa,2023-09-09 16:24:25,BST,Settled,CGPWXSLVXH7NT6G2,EUR,,104.10,1,EUR,,103.80,,0.17,0.03,0.10,visastandarddebit,<auto>,310,,,,,,,,,621
CrewClothing,CrewClothingEURO,KPPMQGB9X2PH2C52,621A0118962,visa,2023-09-09 16:26:52,BST,Settled,N6CHCLZ4JWDMM6G2,EUR,,18.00,1,EUR,,17.94,,0.03,0.01,0.02,visastandarddebit,<auto>,310,,,,,,,,,621
CrewClothing,CrewClothingEURO,FMKHF6PSRCVPV832,621A0118963,visa,2023-09-09 16:32:27,BST,Settled,RVRR3PZ4JWDMM6G2,EUR,,56.00,1,EUR,,55.83,,0.09,0.02,0.06,visastandarddebit,<auto>,310,,,,,,,,,621
CrewClothing,CrewClothingEURO,QW9X7KSWVMNNWPG2,2023-09-09 16:34:30,visa,2023-09-09 16:35:30,BST,Settled,FWJ6D2MVXH7NT6G2,EUR,,19.80,1,EUR,,19.70,,0.03,0.01,0.06,visastandardcredit,<auto>,310,,,,,,,,,621
CrewClothing,CrewClothingEURO,H56WQ3PZQFNR8HG2,621A0118965,visa,2023-09-09 16:45:31,BST,Settled,W8RCGWZ4JWDMM6G2,EUR,,18.00,1,EUR,,17.94,,0.03,0.01,0.02,visastandarddebit,<auto>,310,,,,,,,,,621
CrewClothing,CrewClothingEURO,RCJ48HBR72HSGHG2,2023-09-09 16:52:02,visa,2023-09-09 16:53:10,BST,Settled,XKZV6325JWDMM6G2,EUR,,18.00,1,EUR,,17.94,,0.03,0.01,0.02,visastandarddebit,<auto>,310,,,,,,,,,621
CrewClothing,CrewClothingEURO,D3H7X7PZQFNR8HG2,2023-09-09 16:52:59,visa,2023-09-09 16:54:12,BST,Settled,S3XPHCMVXH7NT6G2,EUR,,58.50,1,EUR,,58.33,,0.09,0.02,0.06,visastandarddebit,<auto>,310,,,,,,,,,621
CrewClothing,CrewClothingEURO,XC99J739W42B7F32,2023-09-09 16:57:24,mc,2023-09-09 16:58:24,BST,Settled,WPNCKFMVXH7NT6G2,EUR,,27.00,1,EUR,,26.91,,0.04,0.02,0.03,mcstandarddebit,<auto>,310,,,,,,,,,621
CrewClothing,CrewClothingEURO,FHCR3939W42B7F32,2023-09-09 17:00:36,visa,2023-09-09 17:01:35,BST,Settled,CKST4HMVXH7NT6G2,EUR,,18.00,1,EUR,,17.94,,0.03,0.01,0.02,visastandarddebit,<auto>,310,,,,,,,,,621
CrewClothing,CrewClothingEURO,BFRZ45XGP27PXPB2,2023-09-09 17:18:24,visa,2023-09-09 17:19:27,BST,Settled,WLJ2TRMVXH7NT6G2,EUR,,14.40,1,EUR,,14.36,,0.02,0.01,0.01,visastandarddebit,<auto>,310,,,,,,,,,621
CrewClothing,CrewClothingEURO,JLJ69FC9X2PH2C52,2023-09-09 17:19:54,mc,2023-09-09 17:21:31,BST,Settled,B86C2K25JWDMM6G2,EUR,,47.00,1,EUR,,46.85,,0.08,0.02,0.05,mcstandarddebit,<auto>,310,,,,,,,,,621
CrewClothing,CrewClothingEURO,XPGG65JBSSQ29C32,2023-09-09 17:21:56,visa,2023-09-09 17:23:07,BST,Settled,LLB5MTMVXH7NT6G2,EUR,,20.70,1,EUR,,20.60,,0.03,0.01,0.06,visastandardcredit,<auto>,310,,,,,,,,,621
CrewClothing,CrewClothingEURO,G623WWVJC8XZ2C32,621A0118966,visa,2023-09-09 17:28:52,BST,Refunded,Q7NPFXMVXH7NT6G2,EUR,18.00,,1,EUR,18.00,,,,,,visastandardcredit,621A0118966,310,,,,,,,,,621
CrewClothing,CrewClothingEURO,ZDF283P2DPSBFF32,621A0118968,visa,2023-09-09 17:31:00,BST,Refunded,NH6VGZMVXH7NT6G2,EUR,86.10,,1,EUR,86.10,,,,,,visastandardcredit,621A0118968,310,,,,,,,,,621
CrewClothing,CrewClothingEURO,LVJ55X267KXMMM52,621A0118969,visa,2023-09-09 17:42:02,BST,Settled,Z3JH2W25JWDMM6G2,EUR,,28.80,1,EUR,,28.71,,0.05,0.01,0.03,visastandarddebit,<auto>,310,,,,,,,,,621
CrewClothing,CrewClothingEURO,FVD3DZCL8XNQ4932,2023-09-09 17:59:42,visa,2023-09-09 18:00:44,BST,Settled,FRJ96835JWDMM6G2,EUR,,70.00,1,EUR,,69.80,,0.11,0.02,0.07,visastandarddebit,<auto>,310,,,,,,,,,621
CrewClothing,CrewClothingEURO,VJ3PBQ96G3VMPPG2,621A0118970,visa,2023-09-09 18:56:46,BST,Settled,DWX2J745JWDMM6G2,EUR,,45.50,1,EUR,,45.36,,0.07,0.02,0.05,visastandarddebit,<auto>,310,,,,,,,,,621
CrewClothing,CrewClothingEURO,RGHRD7P9W42B7F32,2023-09-10 10:09:41,mc,2023-09-10 10:10:47,BST,Settled,V364GF9WXH7NT6G2,EUR,,83.80,1,EUR,,83.43,,0.13,0.07,0.17,mcsuperpremiumdebit,<auto>,310,,,,,,,,,621
CrewClothing,CrewClothingEURO,VQT9VZGXVMNNWPG2,621A0118971,visa,2023-09-10 10:14:07,BST,Settled,PSSM3H9WXH7NT6G2,EUR,,4.30,1,EUR,,4.28,,0.01,0.01,,visastandarddebit,<auto>,310,,,,,,,,,621
CrewClothing,CrewClothingEURO,CWH37VT6G3VMPPG2,2023-09-10 10:21:21,visa,2023-09-10 10:22:36,BST,Settled,NFZK7M9WXH7NT6G2,EUR,,52.02,1,EUR,,51.87,,0.08,0.02,0.05,visastandarddebit,<auto>,310,,,,,,,,,621
CrewClothing,CrewClothingEURO,G73TVRHGMNVCHK52,2023-09-10 10:32:58,visa,2023-09-10 10:34:06,BST,Settled,XMGSZJN5JWDMM6G2,EUR,,28.80,1,EUR,,28.71,,0.05,0.01,0.03,visastandarddebit,<auto>,310,,,,,,,,,621
CrewClothing,CrewClothingEURO,TLN89J9DXJGTK2C2,2023-09-10 10:44:04,visa,2023-09-10 10:45:28,BST,Settled,K8Z5KQN5JWDMM6G2,EUR,,88.90,1,EUR,,88.65,,0.14,0.02,0.09,visastandarddebit,<auto>,310,,,,,,,,,621
CrewClothing,CrewClothingEURO,KVD53KG4JFJ5Q4C2,621A0118972,visa,2023-09-10 10:58:59,BST,Settled,J92SX8BWXH7NT6G2,EUR,,65.09,1,EUR,,64.90,,0.10,0.02,0.07,visastandarddebit,<auto>,310,,,,,,,,,621
CrewClothing,CrewClothingEURO,WBC2LR9DXJGTK2C2,621A0118973,visa,2023-09-10 11:00:20,BST,Settled,PTP8M9BWXH7NT6G2,EUR,,14.40,1,EUR,,14.36,,0.02,0.01,0.01,visastandarddebit,<auto>,310,,,,,,,,,621
CrewClothing,CrewClothingEURO,K69VBRV6G3VMPPG2,621A0118974,visa,2023-09-10 11:14:10,BST,Settled,FNZ9DJBWXH7NT6G2,EUR,,21.60,1,EUR,,21.54,,0.03,0.01,0.02,visastandarddebit,<auto>,310,,,,,,,,,621
CrewClothing,CrewClothingEURO,ZC4GBPHGKBHVM232,621A0118975,visa,2023-09-10 11:20:21,BST,Settled,VRVMKCP5JWDMM6G2,EUR,,56.00,1,EUR,,55.72,,0.09,0.02,0.17,visastandardcredit,<auto>,310,,,,,,,,,621
CrewClothing,CrewClothingEURO,H3BBW9VVQF2XRP52,621A0118976,mc,2023-09-10 11:26:31,BST,Settled,F9Z5LGP5JWDMM6G2,EUR,,28.80,1,EUR,,28.63,,0.05,0.03,0.09,mcstandardcredit,<auto>,310,,,,,,,,,621
CrewClothing,CrewClothingEURO,HJZZLLP67KXMMM52,621A0118977,visa,2023-09-10 11:32:26,BST,Settled,SMXZGKP5JWDMM6G2,EUR,,11.71,1,EUR,,11.67,,0.02,0.01,0.01,visastandarddebit,<auto>,310,,,,,,,,,621
CrewClothing,CrewClothingEURO,XRZ6CRQ9W42B7F32,621A0118978,visa,2023-09-10 11:40:55,BST,Settled,L3PMFZBWXH7NT6G2,EUR,,45.50,1,EUR,,45.36,,0.07,0.02,0.05,visastandarddebit,<auto>,310,,,,,,,,,621
CrewClothing,CrewClothingEURO,VCJT55JGKBHVM232,621A0118979,mc,2023-09-10 11:42:48,BST,Settled,GMNNJQP5JWDMM6G2,EUR,,40.60,1,EUR,,40.48,,0.06,0.02,0.04,mcstandarddebit,<auto>,310,,,,,,,,,621
CrewClothing,CrewClothingEURO,Q7FFCHW6G3VMPPG2,2023-09-10 11:53:54,visa,2023-09-10 11:55:07,BST,Settled,F2HRJXP5JWDMM6G2,EUR,,121.30,1,EUR,,120.71,,0.19,0.04,0.36,visastandardcredit,<auto>,310,,,,,,,,,621
CrewClothing,CrewClothingEURO,J5L6XT2BX2PH2C52,2023-09-10 11:56:05,visa,2023-09-10 11:57:17,BST,Settled,L7XLLZP5JWDMM6G2,EUR,,55.00,1,EUR,,54.72,,0.09,0.02,0.17,visastandardcredit,<auto>,310,,,,,,,,,621
CrewClothing,CrewClothingEURO,NGPB7WJXVMNNWPG2,621A0118980,visa,2023-09-10 12:03:34,BST,Settled,FC4FHDCWXH7NT6G2,EUR,,55.70,1,EUR,,55.53,,0.09,0.02,0.06,visastandarddebit,<auto>,310,,,,,,,,,621
CrewClothing,CrewClothingEURO,X3M7P33BX2PH2C52,621A0118981,visa,2023-09-10 12:09:01,BST,Settled,M79QB7Q5JWDMM6G2,EUR,,70.00,1,EUR,,69.80,,0.11,0.02,0.07,visastandarddebit,<auto>,310,,,,,,,,,621
CrewClothing,CrewClothingEURO,QFLWWKLKC8XZ2C32,621A0118982,visa,2023-09-10 12:15:23,BST,Settled,WLFN8LCWXH7NT6G2,EUR,,19.20,1,EUR,,19.14,,0.03,0.01,0.02,visastandarddebit,<auto>,310,,,,,,,,,621
CrewClothing,CrewClothingEURO,ST96GHWN4QNTF232,2023-09-10 12:18:47,visa,2023-09-10 12:19:53,BST,Settled,RCRGMDQ5JWDMM6G2,EUR,,27.30,1,EUR,,27.22,,0.04,0.01,0.03,visastandarddebit,<auto>,310,,,,,,,,,621
CrewClothing,CrewClothingEURO,V2GC7ZPLHXMSC2C2,621A0118983,visa,2023-09-10 12:25:07,BST,Settled,SDDZ6HQ5JWDMM6G2,EUR,,0.30,1,EUR,,0.29,,,0.01,,visastandarddebit,<auto>,310,,,,,,,,,621
CrewClothing,CrewClothingEURO,L76ZTTJGKBHVM232,2023-09-10 12:24:06,visa,2023-09-10 12:25:19,BST,Settled,PQSM4RCWXH7NT6G2,EUR,,62.70,1,EUR,,62.52,,0.10,0.02,0.06,visasuperpremiumdebit,<auto>,310,,,,,,,,,621
CrewClothing,CrewClothingEURO,DVGV8FD6D7J83VB2,2023-09-10 12:24:54,visa,2023-09-10 12:25:57,BST,Refunded,G89BFRCWXH7NT6G2,EUR,0.30,,1,EUR,0.30,,,,,,visastandarddebit,2023-09-10 12:24:54,310,,,,,,,,,621
CrewClothing,CrewClothingEURO,JMCM54J4JFJ5Q4C2,2023-09-10 12:26:03,visa,2023-09-10 12:27:04,BST,Settled,S3KKXRCWXH7NT6G2,EUR,,48.60,1,EUR,,48.45,,0.08,0.02,0.05,visastandarddebit,<auto>,310,,,,,,,,,621
CrewClothing,CrewClothingEURO,HZMFXP6NDNDKFXB2,2023-09-10 12:38:35,mc,2023-09-10 12:39:52,BST,Settled,LJGKDQQ5JWDMM6G2,EUR,,52.00,1,EUR,,51.74,,0.08,0.02,0.16,mcstandardcredit,<auto>,310,,,,,,,,,621
CrewClothing,CrewClothingEURO,H8R7JH2JJDM4KH52,621A0118984,visa,2023-09-10 12:41:08,BST,Settled,XG4SS2DWXH7NT6G2,EUR,,20.00,1,EUR,,19.90,,0.03,0.01,0.06,visastandardcredit,<auto>,310,,,,,,,,,621
CrewClothing,CrewClothingEURO,T2449QCDXJGTK2C2,2023-09-10 12:51:17,mc,2023-09-10 12:52:13,BST,Settled,WKR288DWXH7NT6G2,EUR,,16.20,1,EUR,,16.14,,0.03,0.01,0.02,mcstandarddebit,<auto>,310,,,,,,,,,621
CrewClothing,CrewClothingEURO,PQW87PJ4JFJ5Q4C2,2023-09-10 13:01:00,mc,2023-09-10 13:02:06,BST,Settled,PS2F85R5JWDMM6G2,EUR,,23.40,1,EUR,,23.28,,0.04,0.01,0.07,mcstandardcredit,<auto>,310,,,,,,,,,621
CrewClothing,CrewClothingEURO,QFBKPNKGKBHVM232,2023-09-10 13:10:49,visa,2023-09-10 13:11:53,BST,Settled,NHQ42BR5JWDMM6G2,EUR,,182.80,1,EUR,,182.29,,0.29,0.04,0.18,visastandarddebit,<auto>,310,,,,,,,,,621
CrewClothing,CrewClothingEURO,KT7C9C7NDNDKFXB2,2023-09-10 13:14:09,visa,2023-09-10 13:15:42,BST,Settled,F4QXNMDWXH7NT6G2,EUR,,56.00,1,EUR,,55.37,,0.09,0.37,0.17,visastandardcredit,<auto>,310,,,,,,,,,621
CrewClothing,CrewClothingEURO,HZSVD8LVW3LJ7XB2,2023-09-10 13:24:21,visa,2023-09-10 13:25:27,BST,Settled,DB5GGSDWXH7NT6G2,EUR,,45.30,1,EUR,,45.12,,0.07,0.02,0.09,visacommercialdebit,<auto>,310,,,,,,,,,621
CrewClothing,CrewClothingEURO,W72MF9B58HSFQ632,2023-09-10 13:27:31,visa,2023-09-10 13:28:48,BST,Settled,VJV74VDWXH7NT6G2,EUR,,123.50,1,EUR,,123.15,,0.20,0.03,0.12,visastandarddebit,<auto>,310,,,,,,,,,621
CrewClothing,CrewClothingEURO,JS4QNFLXVMNNWPG2,2023-09-10 13:29:16,mc,2023-09-10 13:30:32,BST,Settled,K86Z4MR5JWDMM6G2,EUR,,97.30,1,EUR,,96.81,,0.16,0.04,0.29,mcstandardcredit,<auto>,310,,,,,,,,,621
CrewClothing,CrewClothingEURO,S7F523FXM5RNTM52,2023-09-10 13:35:28,visa,2023-09-10 13:36:43,BST,Settled,MZ9FXZDWXH7NT6G2,EUR,,161.20,1,EUR,,160.74,,0.26,0.04,0.16,visastandarddebit,<auto>,310,,,,,,,,,621
CrewClothing,CrewClothingEURO,WFMT6TWVN3MGX632,2023-09-10 13:43:35,visa,2023-09-10 13:45:04,BST,Settled,SBJJ26FWXH7NT6G2,EUR,,50.00,1,EUR,,49.52,,0.08,0.02,0.38,visacommercialdebit,<auto>,310,,,,,,,,,621
CrewClothing,CrewClothingEURO,K5SM92LN72TXZP52,2023-09-10 13:45:57,mc,2023-09-10 13:47:04,BST,Settled,MNFMZ6FWXH7NT6G2,EUR,,24.50,1,EUR,,24.38,,0.04,0.01,0.07,mcstandardcredit,<auto>,310,,,,,,,,,621
CrewClothing,CrewClothingEURO,W72KHHHTRCVPV832,621A0118985,visa,2023-09-10 13:53:10,BST,Settled,X2FZX9FWXH7NT6G2,EUR,,45.50,1,EUR,,45.36,,0.07,0.02,0.05,visasuperpremiumdebit,<auto>,310,,,,,,,,,621
CrewClothing,CrewClothingEURO,NT7HHSDDXJGTK2C2,621A0118986,visa,2023-09-10 13:54:12,BST,Settled,WV9FN2S5JWDMM6G2,EUR,,43.40,1,EUR,,43.27,,0.07,0.02,0.04,visastandarddebit,<auto>,310,,,,,,,,,621
CrewClothing,CrewClothingEURO,T6DFHD4Q8GDNQPB2,621A0118987,visa,2023-09-10 13:55:30,BST,Settled,KTP6B3S5JWDMM6G2,EUR,,39.00,1,EUR,,38.88,,0.06,0.02,0.04,visastandarddebit,<auto>,310,,,,,,,,,621
CrewClothing,CrewClothingEURO,BVS9K9XVN3MGX632,2023-09-10 14:09:03,visa,2023-09-10 14:10:17,BST,Settled,MVM5CLFWXH7NT6G2,EUR,,63.60,1,EUR,,63.42,,0.10,0.02,0.06,visastandarddebit,<auto>,310,,,,,,,,,621
CrewClothing,CrewClothingEURO,KRMVRTXB3TP4J4C2,2023-09-10 14:23:31,mc,2023-09-10 14:25:06,BST,Settled,P76PQKS5JWDMM6G2,EUR,,55.00,1,EUR,,54.71,,0.09,0.03,0.17,mcstandardcredit,<auto>,310,,,,,,,,,621
CrewClothing,CrewClothingEURO,V3XD2N8NDNDKFXB2,621A0118989,mc,2023-09-10 14:30:33,BST,Settled,LZN48XFWXH7NT6G2,EUR,,27.00,1,EUR,,26.91,,0.04,0.02,0.03,mcstandarddebit,<auto>,310,,,,,,,,,621
CrewClothing,CrewClothingEURO,J4DLD3ZB3TP4J4C2,621A0118990,mc,2023-09-10 14:36:16,BST,Settled,NMT37RS5JWDMM6G2,EUR,,55.80,1,EUR,,55.62,,0.09,0.03,0.06,mcstandarddebit,<auto>,310,,,,,,,,,621
CrewClothing,CrewClothingEURO,KH73GFX3N5FJBFG2,2023-09-10 14:35:56,visa,2023-09-10 14:36:54,BST,Settled,XXNXHRS5JWDMM6G2,EUR,,429.50,1,EUR,,428.29,,0.69,0.09,0.43,visastandarddebit,<auto>,310,,,,,,,,,621
CrewClothing,CrewClothingEURO,ZH4JLBCB7KLH4FG2,621A0118991,visa,2023-09-10 14:47:18,BST,Settled,JRSTKXS5JWDMM6G2,EUR,,101.66,1,EUR,,101.37,,0.16,0.03,0.10,visastandarddebit,<auto>,310,,,,,,,,,621
CrewClothing,CrewClothingEURO,WJT6VJ27G3VMPPG2,2023-09-10 14:49:04,visa,2023-09-10 14:50:24,BST,Settled,MJ5842T5JWDMM6G2,EUR,,95.40,1,EUR,,95.12,,0.15,0.03,0.10,visastandarddebit,<auto>,310,,,,,,,,,621
CrewClothing,CrewClothingEURO,WLBMHLBCSSQ29C32,2023-09-10 14:51:25,visa,2023-09-10 14:52:30,BST,Settled,V824XBGWXH7NT6G2,EUR,,27.00,1,EUR,,26.87,,0.04,0.01,0.08,visastandardcredit,<auto>,310,,,,,,,,,621
CrewClothing,CrewClothingEURO,SZ6N2RC58HSFQ632,2023-09-10 14:52:49,visa,2023-09-10 14:54:01,BST,Settled,PZ7VT3T5JWDMM6G2,EUR,,30.60,1,EUR,,30.51,,0.05,0.01,0.03,visastandarddebit,<auto>,310,,,,,,,,,621
CrewClothing,CrewClothingEURO,NZBMXDNGMNVCHK52,2023-09-10 14:57:29,visa,2023-09-10 14:58:30,BST,Settled,XBP3VFGWXH7NT6G2,EUR,,52.00,1,EUR,,51.85,,0.08,0.02,0.05,visastandarddebit,<auto>,310,,,,,,,,,621
CrewClothing,CrewClothingEURO,GZZBBQ5S72HSGHG2,621A0118992,visa,2023-09-10 15:07:13,BST,Settled,CKG9BBT5JWDMM6G2,EUR,,129.80,1,EUR,,129.16,,0.21,0.04,0.39,visapremiumcredit,<auto>,310,,,,,,,,,621
CrewClothing,CrewClothingEURO,HP5XFXL4JFJ5Q4C2,2023-09-10 15:10:34,visa,2023-09-10 15:11:32,BST,Settled,LW878NGWXH7NT6G2,EUR,,52.00,1,EUR,,51.85,,0.08,0.02,0.05,visasuperpremiumdebit,<auto>,310,,,,,,,,,621
CrewClothing,CrewClothingEURO,NC39HWJTRCVPV832,2023-09-10 15:13:55,mc,2023-09-10 15:15:05,BST,Settled,R2GPXPGWXH7NT6G2,EUR,,16.20,1,EUR,,16.14,,0.03,0.01,0.02,mcstandarddebit,<auto>,310,,,,,,,,,621
CrewClothing,CrewClothingEURO,JPSFP3RHP27PXPB2,621A0118993,visa,2023-09-10 15:16:10,BST,Settled,R2NCNGT5JWDMM6G2,EUR,,66.20,1,EUR,,66.00,,0.11,0.02,0.07,visastandarddebit,<auto>,310,,,,,,,,,621
CrewClothing,CrewClothingEURO,MTDKZ9GDXJGTK2C2,621A0118994,mc,2023-09-10 15:19:28,BST,Settled,CBGG9JT5JWDMM6G2,EUR,,40.60,1,EUR,,40.48,,0.06,0.02,0.04,mcstandarddebit,<auto>,310,,,,,,,,,621
CrewClothing,CrewClothingEURO,GB82R437G3VMPPG2,621A0118995,visa,2023-09-10 15:23:12,BST,Settled,DPWDWTGWXH7NT6G2,EUR,,70.00,1,EUR,,69.80,,0.11,0.02,0.07,visastandarddebit,<auto>,310,,,,,,,,,621
CrewClothing,CrewClothingEURO,LZVCSDGDXJGTK2C2,2023-09-10 15:23:56,visa,2023-09-10 15:25:03,BST,Settled,F6VNSVGWXH7NT6G2,EUR,,35.10,1,EUR,,34.99,,0.06,0.01,0.04,visastandarddebit,<auto>,310,,,,,,,,,621
CrewClothing,CrewClothingEURO,P5M57PH6D7J83VB2,2023-09-10 15:33:18,visa,2023-09-10 15:34:24,BST,Settled,RB5PD3HWXH7NT6G2,EUR,,55.80,1,EUR,,55.52,,0.09,0.02,0.17,visastandardcredit,<auto>,310,,,,,,,,,621
CrewClothing,CrewClothingEURO,D9H6K9JQ3SS3CH52,2023-09-10 15:35:40,mc,2023-09-10 15:37:05,BST,Settled,MLZCP4HWXH7NT6G2,EUR,,140.00,1,EUR,,139.31,,0.22,0.05,0.42,mcstandardcredit,<auto>,310,,,,,,,,,621
CrewClothing,CrewClothingEURO,JC4GR2S3FMHJ8C52,2023-09-10 15:38:40,visa,2023-09-10 15:40:39,BST,Settled,GZN6MVT5JWDMM6G2,EUR,,82.00,1,EUR,,81.77,,0.13,0.02,0.08,visastandarddebit,<auto>,310,,,,,,,,,621
CrewClothing,CrewClothingEURO,TRJFMR6BX2PH2C52,2023-09-10 15:40:57,visa,2023-09-10 15:42:09,BST,Settled,PJKL67HWXH7NT6G2,EUR,,18.20,1,EUR,,18.14,,0.03,0.01,0.02,visastandarddebit,<auto>,310,,,,,,,,,621
CrewClothing,CrewClothingEURO,MXV96X6BX2PH2C52,2023-09-10 15:50:03,mc,2023-09-10 15:51:11,BST,Settled,G4TSKCHWXH7NT6G2,EUR,,144.00,1,EUR,,143.28,,0.23,0.06,0.43,mcstandardcredit,<auto>,310,,,,,,,,,621
CrewClothing,CrewClothingEURO,BVL24SD58HSFQ632,2023-09-10 15:51:57,visa,2023-09-10 15:53:31,BST,Settled,FCBXPDHWXH7NT6G2,EUR,,50.40,1,EUR,,50.25,,0.08,0.02,0.05,visastandarddebit,<auto>,310,,,,,,,,,621
CrewClothing,CrewClothingEURO,CCDMVK6Q8GDNQPB2,621A0118996,visa,2023-09-10 16:01:18,BST,Settled,G5FBJJHWXH7NT6G2,EUR,,14.40,1,EUR,,14.36,,0.02,0.01,0.01,visasuperpremiumdebit,<auto>,310,,,,,,,,,621
CrewClothing,CrewClothingEURO,K8K9R97BX2PH2C52,621A0118997,visa,2023-09-10 16:11:02,BST,Settled,GLVB9PHWXH7NT6G2,EUR,,125.80,1,EUR,,125.44,,0.20,0.03,0.13,visastandarddebit,<auto>,310,,,,,,,,,621
CrewClothing,CrewClothingEURO,BZBW4V6S72HSGHG2,2023-09-10 16:10:53,mc,2023-09-10 16:12:28,BST,Settled,XBZQ5GV5JWDMM6G2,EUR,,140.00,1,EUR,,139.59,,0.22,0.05,0.14,mcstandarddebit,<auto>,310,,,,,,,,,621
CrewClothing,CrewClothingEURO,ZNB7BZ37G3VMPPG2,621A0118998,visa,2023-09-10 16:13:06,BST,Settled,VRDC9QHWXH7NT6G2,EUR,,38.70,1,EUR,,38.58,,0.06,0.02,0.04,visastandarddebit,<auto>,310,,,,,,,,,621
CrewClothing,CrewClothingEURO,Z3CFLTQKC8XZ2C32,621A0118999,visa,2023-09-10 16:20:35,BST,Settled,NRBTWTHWXH7NT6G2,EUR,,16.21,1,EUR,,16.15,,0.03,0.01,0.02,visastandarddebit,<auto>,310,,,,,,,,,621
CrewClothing,CrewClothingEURO,JLM5FCF58HSFQ632,621A0119000,visa,2023-09-10 16:24:46,BST,Settled,H9QRXWHWXH7NT6G2,EUR,,21.60,1,EUR,,21.54,,0.03,0.01,0.02,visastandarddebit,<auto>,310,,,,,,,,,621
CrewClothing,CrewClothingEURO,D982KR2WN3MGX632,2023-09-10 16:32:41,visa,2023-09-10 16:33:50,BST,Settled,V3BWD4JWXH7NT6G2,EUR,,42.00,1,EUR,,41.87,,0.07,0.02,0.04,visastandarddebit,<auto>,310,,,,,,,,,621
CrewClothing,CrewClothingEURO,J6TVZRKQ3SS3CH52,2023-09-10 17:02:43,visa,2023-09-10 17:04:02,BST,Settled,LNJM5MJWXH7NT6G2,EUR,,54.00,1,EUR,,53.73,,0.09,0.02,0.16,visastandardcredit,<auto>,310,,,,,,,,,621
CrewClothing,CrewClothingEURO,KV36QB34N5FJBFG2,621A0119001,visa,2023-09-10 17:23:27,BST,Settled,WJXQLXJWXH7NT6G2,EUR,,65.00,1,EUR,,64.60,,0.10,0.10,0.20,visapremiumcredit,<auto>,310,,,,,,,,,621
CrewClothing,CrewClothingEURO,K57Z7FFCSSQ29C32,621A0119002,visa,2023-09-10 17:33:51,BST,Settled,GNV4P5KWXH7NT6G2,EUR,,110.50,1,EUR,,110.18,,0.18,0.03,0.11,visastandarddebit,<auto>,310,,,,,,,,,621
CrewClothing,CrewClothingEURO,VZNFVLQVW3LJ7XB2,621A0119003,visa,2023-09-10 17:36:23,BST,Settled,KJWHW6KWXH7NT6G2,EUR,,65.00,1,EUR,,64.81,,0.10,0.02,0.07,visastandarddebit,<auto>,310,,,,,,,,,621
CrewClothing,CrewClothingEURO,W4RK95X67KXMMM52,621A0119004,visa,2023-09-10 17:46:48,BST,Settled,D85X64X5JWDMM6G2,EUR,,40.60,1,EUR,,40.48,,0.06,0.02,0.04,visastandarddebit,<auto>,310,,,,,,,,,621
CrewClothing,CrewClothingEURO,PBH4CRFCSSQ29C32,621A0119005,visa,2023-09-10 17:54:23,BST,Settled,P8BQPHKWXH7NT6G2,EUR,,48.60,1,EUR,,48.45,,0.08,0.02,0.05,visastandarddebit,<auto>,310,,,,,,,,,621
CrewClothing,CrewClothingEURO,QM3QD59Q8GDNQPB2,2023-09-10 18:26:38,visa,2023-09-10 18:27:46,BST,Settled,BP927SX5JWDMM6G2,EUR,,28.80,1,EUR,,28.71,,0.05,0.01,0.03,visastandarddebit,<auto>,310,,,,,,,,,621
CrewClothing,CrewClothingEURO,VBGZ8VX67KXMMM52,2023-09-10 18:28:27,visa,2023-09-10 18:29:45,BST,Settled,H8956TX5JWDMM6G2,EUR,,24.50,1,EUR,,24.43,,0.04,0.01,0.02,visastandarddebit,<auto>,310,,,,,,,,,621
CrewClothing,CrewClothingEURO,VMBNCBMQ3SS3CH52,2023-09-10 18:29:41,visa,2023-09-10 18:30:57,BST,Settled,TDLJQTX5JWDMM6G2,EUR,,35.00,1,EUR,,34.89,,0.06,0.01,0.04,visastandarddebit,<auto>,310,,,,,,,,,621
CrewClothing,CrewClothingEURO,FMDXGXX67KXMMM52,2023-09-10 18:33:15,visa,2023-09-10 18:34:20,BST,Settled,WDVG77LWXH7NT6G2,EUR,,3.50,1,EUR,,3.48,,0.01,0.01,,visastandarddebit,<auto>,310,,,,,,,,,621
CrewClothing,CrewClothingEURO,,,,2023-09-12 02:16:00,BST,Fee,Transaction Fees September 08 2023,,,,,EUR,2.47,,,,,,,,310,,,,,,,,,
CrewClothing,CrewClothingEURO,,,,2023-09-12 02:16:00,BST,Fee,Transaction Fees September 09 2023,,,,,EUR,3.96,,,,,,,,310,,,,,,,,,
CrewClothing,CrewClothingEURO,,,,2023-09-12 02:16:00,BST,Fee,Transaction Fees September 10 2023,,,,,EUR,3.73,,,,,,,,310,,,,,,,,,
CrewClothing,CrewClothingEURO,,,,2023-09-12 02:16:00,BST,MerchantPayout,"TX36065568800XT batch 310, CrewClothingEURO",,,,,EUR,12149.68,,,,,,,,310,,,,,,,,,
